"Date","Price","Open","High","Low","Vol.","Change %"
"Aug 20, 2019","1.1657","1.2092","1.2177","1.1455","20.97K","-3.59%"
"Aug 21, 2019","1.1226","1.1609","1.1678","1.1000","66.98K","-3.70%"
"Aug 22, 2019","1.1371","1.1214","1.1604","1.0953","44.83K","1.29%"
"Aug 23, 2019","1.1644","1.1382","1.2008","1.1308","24.18K","2.40%"
"Aug 24, 2019","1.1488","1.1681","1.1805","1.1142","45.45K","-1.34%"
"Aug 25, 2019","1.1355","1.1442","1.1626","1.1163","9.60K","-1.16%"
"Aug 26, 2019","1.1679","1.1319","1.1893","1.1270","44.40K","2.85%"
"Aug 27, 2019","1.1283","1.1699","1.1776","1.1222","49.70K","-3.39%"
"Aug 28, 2019","1.0546","1.1280","1.1333","1.0256","40.06K","-6.53%"
"Aug 29, 2019","0.9977","1.0546","1.0693","0.9901","68.60K","-5.40%"
"Aug 30, 2019","1.0661","1.0027","1.0693","0.9903","69.05K","6.86%"
"Aug 31, 2019","1.0377","1.0660","1.1790","1.0008","56.66K","-2.66%"
"Sep 01, 2019","1.0329","1.0426","1.0592","1.0109","23.33K","-0.46%"
"Sep 02, 2019","1.0541","1.0310","1.0790","1.0239","22.32K","2.05%"
"Sep 03, 2019","1.0341","1.0527","1.0705","1.0165","33.05K","-1.90%"
"Sep 04, 2019","1.0289","1.0368","1.0499","1.0125","38.99K","-0.50%"
"Sep 05, 2019","1.0123","1.0342","1.0507","1.0009","44.28K","-1.61%"
"Sep 06, 2019","0.9988","1.0126","1.0279","0.9883","32.02K","-1.33%"
"Sep 07, 2019","1.0209","1.0133","1.0512","0.9693","38.02K","2.21%"
"Sep 08, 2019","1.0680","1.0227","1.0728","1.0177","47.44K","4.61%"
"Sep 09, 2019","1.0401","1.0628","1.1200","1.0205","33.72K","-2.61%"
"Sep 10, 2019","1.0311","1.0382","1.0487","1.0149","32.75K","-0.87%"
"Sep 11, 2019","1.0052","1.0252","1.0454","0.9873","22.96K","-2.51%"
"Sep 12, 2019","1.0122","1.0046","1.0353","0.9859","28.62K","0.70%"
"Sep 13, 2019","0.9781","1.0159","1.0197","0.9529","24.40K","-3.37%"
"Sep 14, 2019","0.9977","0.9803","1.0143","0.9573","11.42K","2.00%"
"Sep 15, 2019","1.0006","0.9975","1.0275","0.9719","29.55K","0.29%"
"Sep 16, 2019","0.9973","1.0023","1.0198","0.9771","18.02K","-0.33%"
"Sep 17, 2019","1.1011","0.9989","1.1372","0.9890","128.59K","10.41%"
"Sep 18, 2019","1.0836","1.0880","1.1879","1.0715","69.68K","-1.59%"
"Sep 19, 2019","1.0952","1.0827","1.1245","1.0301","55.32K","1.07%"
"Sep 20, 2019","1.0616","1.0927","1.1279","1.0492","47.60K","-3.07%"
"Sep 21, 2019","1.0681","1.0616","1.0789","1.0545","24.01K","0.61%"
"Sep 22, 2019","1.0499","1.0693","1.0755","1.0456","25.77K","-1.70%"
"Sep 23, 2019","1.0523","1.0526","1.1540","1.0141","410.20K","0.23%"
"Sep 24, 2019","0.8863","1.0535","1.0909","0.8069","254.81K","-15.77%"
"Sep 25, 2019","0.8429","0.8857","0.9510","0.8114","106.80K","-4.90%"
"Sep 26, 2019","0.8426","0.8467","0.9069","0.8116","98.04K","-0.04%"
"Sep 27, 2019","0.8863","0.8396","0.8943","0.8107","24.69K","5.19%"
"Sep 28, 2019","0.8900","0.8863","0.9085","0.8550","21.05K","0.42%"
"Sep 29, 2019","0.8772","0.8902","0.9023","0.8558","72.90K","-1.44%"
"Sep 30, 2019","0.8964","0.8753","0.9196","0.8402","34.74K","2.19%"
"Oct 01, 2019","0.9455","0.8961","1.0085","0.8900","19.11K","5.48%"
"Oct 02, 2019","0.9425","0.9534","0.9534","0.8843","28.25K","-0.32%"
"Oct 03, 2019","0.9286","0.9431","0.9669","0.9050","12.84K","-1.47%"
"Oct 04, 2019","0.9147","0.9275","0.9437","0.8929","24.38K","-1.50%"
"Oct 05, 2019","0.9071","0.9154","0.9215","0.8949","14.91K","-0.83%"
"Oct 06, 2019","0.8666","0.9089","0.9173","0.8600","31.35K","-4.46%"
"Oct 07, 2019","0.8978","0.8664","0.9241","0.8517","30.35K","3.60%"
"Oct 08, 2019","0.8952","0.8993","0.9107","0.8912","15.07K","-0.29%"
"Oct 09, 2019","0.9367","0.9002","0.9546","0.8865","49.61K","4.64%"
"Oct 10, 2019","0.9137","0.9378","0.9465","0.9101","40.00K","-2.46%"
"Oct 11, 2019","0.9092","0.9137","0.9199","0.8786","28.92K","-0.49%"
"Oct 12, 2019","0.8889","0.9089","0.9114","0.8885","10.27K","-2.23%"
"Oct 13, 2019","0.9044","0.8892","0.9381","0.8820","32.31K","1.74%"
"Oct 14, 2019","0.9384","0.9064","0.9387","0.8966","13.77K","3.76%"
"Oct 15, 2019","0.9030","0.9369","0.9392","0.9013","10.29K","-3.77%"
"Oct 16, 2019","0.8716","0.9030","0.9077","0.8547","28.34K","-3.48%"
"Oct 17, 2019","0.8912","0.8708","0.8948","0.8673","25.14K","2.25%"
"Oct 18, 2019","0.8784","0.8902","0.8961","0.8675","20.63K","-1.44%"
"Oct 19, 2019","0.8571","0.8780","0.8883","0.8537","12.14K","-2.42%"
"Oct 20, 2019","0.8686","0.8557","0.8757","0.8528","15.07K","1.34%"
"Oct 21, 2019","0.8626","0.8686","0.8873","0.8614","19.16K","-0.69%"
"Oct 22, 2019","0.8315","0.8669","0.8773","0.8266","22.14K","-3.61%"
"Oct 23, 2019","0.7581","0.8306","0.8383","0.7510","63.70K","-8.83%"
"Oct 24, 2019","0.7643","0.7595","0.7881","0.7415","29.94K","0.82%"
"Oct 25, 2019","0.8330","0.7625","0.8467","0.7550","61.69K","8.99%"
"Oct 26, 2019","0.8332","0.8296","0.9629","0.8100","60.37K","0.02%"
"Oct 27, 2019","0.8801","0.8332","0.8892","0.8310","20.04K","5.63%"
"Oct 28, 2019","0.8813","0.8801","0.9485","0.8745","19.75K","0.14%"
"Oct 29, 2019","0.8919","0.8827","0.9350","0.8414","51.45K","1.20%"
"Oct 30, 2019","0.9634","0.8917","1.1182","0.8608","273.42K","8.02%"
"Oct 31, 2019","0.8836","0.9667","0.9844","0.8666","183.56K","-8.28%"
"Nov 01, 2019","0.8737","0.8820","0.8861","0.8588","106.35K","-1.12%"
"Nov 02, 2019","0.8594","0.8734","0.8782","0.8565","67.73K","-1.64%"
"Nov 03, 2019","0.8625","0.8609","0.8657","0.8480","38.39K","0.36%"
"Nov 04, 2019","0.8872","0.8625","0.9048","0.8605","181.54K","2.86%"
"Nov 05, 2019","0.9219","0.8872","0.9280","0.8764","198.20K","3.91%"
"Nov 06, 2019","1.0080","0.9219","1.0468","0.9011","252.90K","9.34%"
"Nov 07, 2019","1.2058","1.0136","1.6799","1.0135","2.64M","19.62%"
"Nov 08, 2019","1.1626","1.1965","1.2862","1.1207","615.79K","-3.58%"
"Nov 09, 2019","1.2597","1.1622","1.2684","1.1452","221.22K","8.35%"
"Nov 10, 2019","1.2235","1.2637","1.2643","1.1810","168.57K","-2.87%"
"Nov 11, 2019","1.1720","1.2170","1.2466","1.1686","96.30K","-4.21%"
"Nov 12, 2019","1.1659","1.1719","1.2006","1.1481","58.57K","-0.52%"
"Nov 13, 2019","1.1268","1.1661","1.1687","1.1127","92.16K","-3.35%"
"Nov 14, 2019","1.2160","1.1273","1.2917","1.0965","288.09K","7.92%"
"Nov 15, 2019","1.1666","1.2160","1.2585","1.1300","130.95K","-4.06%"
"Nov 16, 2019","1.1573","1.1666","1.1724","1.1477","34.67K","-0.80%"
"Nov 17, 2019","1.1544","1.1565","1.1712","1.1446","33.90K","-0.25%"
"Nov 18, 2019","1.2151","1.1548","1.2500","1.1501","209.42K","5.26%"
"Nov 19, 2019","1.2079","1.2141","1.2391","1.1439","149.35K","-0.59%"
"Nov 20, 2019","1.2063","1.2085","1.2429","1.1599","164.97K","-0.13%"
"Nov 21, 2019","1.2181","1.2073","1.2974","1.1816","378.03K","0.98%"
"Nov 22, 2019","1.2183","1.2161","1.2782","1.0766","318.64K","0.02%"
"Nov 23, 2019","1.3803","1.2183","1.4198","1.2168","992.57K","13.30%"
"Nov 24, 2019","1.3112","1.3796","1.4071","1.2803","208.68K","-5.01%"
"Nov 25, 2019","1.2271","1.3106","1.3137","1.1899","336.53K","-6.41%"
"Nov 26, 2019","1.2144","1.2275","1.2758","1.1885","320.37K","-1.03%"
"Nov 27, 2019","1.2077","1.2079","1.2353","1.1207","126.36K","-0.55%"
"Nov 28, 2019","1.2682","1.2071","1.3404","1.1978","79.66K","5.01%"
"Nov 29, 2019","1.2844","1.2676","1.3433","1.2659","56.59K","1.28%"
"Nov 30, 2019","1.3139","1.2830","1.3263","1.2814","33.47K","2.30%"
"Dec 01, 2019","1.2511","1.3116","1.3206","1.2386","46.21K","-4.78%"
"Dec 02, 2019","1.2404","1.2527","1.2527","1.1948","54.98K","-0.86%"
"Dec 03, 2019","1.2898","1.2404","1.3060","1.2047","189.44K","3.98%"
"Dec 04, 2019","1.2405","1.2911","1.3256","1.2397","177.24K","-3.82%"
"Dec 05, 2019","1.2862","1.2411","1.2938","1.2318","49.22K","3.68%"
"Dec 06, 2019","1.3769","1.2868","1.4186","1.2710","147.62K","7.05%"
"Dec 07, 2019","1.4389","1.3769","1.4701","1.3644","339.56K","4.50%"
"Dec 08, 2019","1.5981","1.4389","1.6152","1.4375","634.56K","11.06%"
"Dec 09, 2019","1.5535","1.6023","1.6517","1.5251","363.71K","-2.79%"
"Dec 10, 2019","1.4760","1.5498","1.5509","1.3941","339.82K","-4.99%"
"Dec 11, 2019","1.5760","1.4770","1.5931","1.4660","295.50K","6.78%"
"Dec 12, 2019","1.7585","1.5745","1.7732","1.5132","650.90K","11.58%"
"Dec 13, 2019","1.7629","1.7591","1.8311","1.6614","521.85K","0.25%"
"Dec 14, 2019","1.6781","1.7712","1.7771","1.6224","310.29K","-4.81%"
"Dec 15, 2019","1.6618","1.6784","1.7312","1.6004","435.30K","-0.97%"
"Dec 16, 2019","1.6688","1.6618","1.7069","1.5973","190.97K","0.42%"
"Dec 17, 2019","1.5395","1.6637","1.7643","1.5211","539.85K","-7.75%"
"Dec 18, 2019","1.5720","1.5391","1.6300","1.4300","271.82K","2.11%"
"Dec 19, 2019","1.5033","1.5720","1.6152","1.4616","149.50K","-4.37%"
"Dec 20, 2019","1.5982","1.5024","1.5982","1.4820","312.06K","6.31%"
"Dec 21, 2019","1.4687","1.6000","1.6049","1.4641","127.02K","-8.10%"
"Dec 22, 2019","1.4627","1.4697","1.5190","1.4403","98.96K","-0.41%"
"Dec 23, 2019","1.5160","1.4613","1.5762","1.4588","226.43K","3.64%"
"Dec 24, 2019","1.4833","1.5155","1.5173","1.4724","63.30K","-2.16%"
"Dec 25, 2019","1.3937","1.4836","1.4882","1.3571","198.08K","-6.04%"
"Dec 26, 2019","1.3485","1.3937","1.4100","1.3324","103.37K","-3.24%"
"Dec 27, 2019","1.3571","1.3496","1.3920","1.3429","56.74K","0.64%"
"Dec 28, 2019","1.3203","1.3569","1.3795","1.3186","59.00K","-2.71%"
"Dec 29, 2019","1.3078","1.3207","1.3254","1.2672","71.44K","-0.95%"
"Dec 30, 2019","1.3273","1.3086","1.3554","1.2905","131.23K","1.49%"
"Dec 31, 2019","1.3536","1.3264","1.3941","1.3042","207.06K","1.98%"
"Jan 01, 2020","1.3686","1.3527","1.3728","1.3232","82.46K","1.11%"
"Jan 02, 2020","1.2233","1.3686","1.3781","1.2169","114.04K","-10.62%"
"Jan 03, 2020","1.2622","1.2248","1.3003","1.2180","75.39K","3.18%"
"Jan 04, 2020","1.2402","1.2613","1.2675","1.2145","43.95K","-1.74%"
"Jan 05, 2020","1.2519","1.2438","1.2755","1.2315","55.00K","0.94%"
"Jan 06, 2020","1.3034","1.2519","1.3396","1.2486","142.29K","4.11%"
"Jan 07, 2020","1.2952","1.3035","1.3238","1.2441","225.67K","-0.63%"
"Jan 08, 2020","1.3289","1.2946","1.3956","1.2755","180.51K","2.60%"
"Jan 09, 2020","1.2790","1.3300","1.3659","1.2651","247.37K","-3.75%"
"Jan 10, 2020","1.3055","1.2789","1.3409","1.2563","181.71K","2.07%"
"Jan 11, 2020","1.3049","1.3055","1.3499","1.2966","88.50K","-0.05%"
"Jan 12, 2020","1.3060","1.3051","1.3202","1.2949","49.38K","0.08%"
"Jan 13, 2020","1.2744","1.3061","1.3073","1.2619","121.96K","-2.42%"
"Jan 14, 2020","1.3251","1.2742","1.3468","1.2720","262.29K","3.98%"
"Jan 15, 2020","1.3460","1.3251","1.4037","1.2865","384.79K","1.58%"
"Jan 16, 2020","1.5114","1.3460","1.5780","1.3007","384.13K","12.29%"
"Jan 17, 2020","1.4735","1.5349","1.5779","1.4309","447.34K","-2.51%"
"Jan 18, 2020","1.4807","1.4754","1.5462","1.4157","276.72K","0.49%"
"Jan 19, 2020","1.4248","1.4807","1.5236","1.3599","242.77K","-3.78%"
"Jan 20, 2020","1.5982","1.4262","1.5982","1.4066","275.14K","12.17%"
"Jan 21, 2020","1.5353","1.5982","1.6164","1.5013","249.35K","-3.94%"
"Jan 22, 2020","1.5929","1.5347","1.6404","1.5276","156.37K","3.75%"
"Jan 23, 2020","1.5572","1.5933","1.6248","1.4970","130.34K","-2.24%"
"Jan 24, 2020","1.5118","1.5572","1.5656","1.4984","64.24K","-2.92%"
"Jan 25, 2020","1.4937","1.5135","1.5135","1.4608","67.52K","-1.20%"
"Jan 26, 2020","1.5243","1.4941","1.5294","1.4699","32.14K","2.05%"
"Jan 27, 2020","1.5209","1.5247","1.5450","1.4852","84.50K","-0.22%"
"Jan 28, 2020","1.5510","1.5209","1.5782","1.5070","142.56K","1.98%"
"Jan 29, 2020","1.5679","1.5510","1.6863","1.5440","261.60K","1.09%"
"Jan 30, 2020","1.6806","1.5679","1.7043","1.5593","211.71K","7.19%"
"Jan 31, 2020","1.6571","1.6811","1.7231","1.6471","131.36K","-1.40%"
"Feb 01, 2020","1.7467","1.6564","1.7475","1.6543","107.62K","5.41%"
"Feb 02, 2020","1.9225","1.7467","1.9941","1.6950","286.08K","10.06%"
"Feb 03, 2020","2.0034","1.9228","2.0946","1.8734","527.97K","4.21%"
"Feb 04, 2020","1.9238","1.9994","2.0413","1.8948","223.74K","-3.97%"
"Feb 05, 2020","2.1387","1.9238","2.2272","1.9124","274.02K","11.17%"
"Feb 06, 2020","2.1682","2.1425","2.2699","2.1204","296.22K","1.38%"
"Feb 07, 2020","2.1947","2.1682","2.2660","2.1654","183.86K","1.22%"
"Feb 08, 2020","2.2924","2.1930","2.3168","2.0153","225.50K","4.45%"
"Feb 09, 2020","2.6417","2.2924","2.7486","2.2872","799.64K","15.24%"
"Feb 10, 2020","2.6245","2.6432","2.7396","2.4628","594.39K","-0.65%"
"Feb 11, 2020","2.9112","2.6278","2.9592","2.5574","394.22K","10.92%"
"Feb 12, 2020","3.3487","2.9101","3.6098","2.9101","1.12M","15.03%"
"Feb 13, 2020","3.1342","3.3627","3.4853","2.9369","893.39K","-6.41%"
"Feb 14, 2020","3.4781","3.1302","3.5564","3.0469","631.59K","10.97%"
"Feb 15, 2020","3.1927","3.4795","3.5480","3.0287","737.00K","-8.21%"
"Feb 16, 2020","3.2403","3.1928","3.2979","2.7467","482.33K","1.49%"
"Feb 17, 2020","3.1469","3.2296","3.2415","2.7528","640.03K","-2.88%"
"Feb 18, 2020","3.4400","3.1484","3.5500","3.0948","586.73K","9.31%"
"Feb 19, 2020","3.5435","3.4401","3.9400","3.3431","1.12M","3.01%"
"Feb 20, 2020","3.6128","3.5295","3.8944","3.4500","1.12M","1.96%"
"Feb 21, 2020","3.4874","3.6061","3.7557","3.3823","579.82K","-3.47%"
"Feb 22, 2020","3.2972","3.4785","3.5377","3.2457","635.79K","-5.45%"
"Feb 23, 2020","3.5254","3.3076","3.5800","3.3061","389.52K","6.92%"
"Feb 24, 2020","3.1836","3.5283","3.5283","2.9611","709.20K","-9.70%"
"Feb 25, 2020","2.8080","3.1881","3.1951","2.7181","740.63K","-11.80%"
"Feb 26, 2020","2.7562","2.8020","2.9948","2.5367","1.55M","-1.84%"
"Feb 27, 2020","2.7978","2.7560","2.9957","2.5523","1.11M","1.51%"
"Feb 28, 2020","2.7840","2.8093","2.9082","2.6252","915.68K","-0.49%"
"Feb 29, 2020","2.7364","2.7832","2.9950","2.7350","869.22K","-1.71%"
"Mar 01, 2020","2.6192","2.7382","2.8416","2.5759","522.54K","-4.28%"
"Mar 02, 2020","2.7984","2.6192","2.8899","2.5560","845.41K","6.84%"
"Mar 03, 2020","2.7588","2.7995","2.8200","2.6403","602.77K","-1.42%"
"Mar 04, 2020","3.0981","2.7606","3.0998","2.7354","1.37M","12.30%"
"Mar 05, 2020","3.0861","3.1129","3.3157","3.0265","1.49M","-0.39%"
"Mar 06, 2020","3.1745","3.0842","3.2276","3.0399","776.40K","2.86%"
"Mar 07, 2020","2.9880","3.1745","3.2631","2.9776","800.70K","-5.87%"
"Mar 08, 2020","2.5901","2.9865","2.9865","2.5571","1.15M","-13.32%"
"Mar 09, 2020","2.5403","2.5919","2.6565","2.2644","1.38M","-1.92%"
"Mar 10, 2020","2.5888","2.5450","2.7470","2.4773","1.06M","1.91%"
"Mar 11, 2020","2.5070","2.5888","2.6775","2.2969","814.49K","-3.16%"
"Mar 12, 2020","1.3484","2.5108","2.5218","1.2955","2.32M","-46.21%"
"Mar 13, 2020","1.7641","1.3267","1.9442","0.9729","3.56M","30.83%"
"Mar 14, 2020","1.5823","1.7527","1.8288","1.5430","1.53M","-10.31%"
"Mar 15, 2020","1.5420","1.5821","1.7480","1.4280","1.53M","-2.55%"
"Mar 16, 2020","1.3212","1.5421","1.5421","1.1396","2.70M","-14.32%"
"Mar 17, 2020","1.3634","1.3397","1.4767","1.2909","2.13M","3.19%"
"Mar 18, 2020","1.3996","1.3722","1.4183","1.2849","1.55M","2.66%"
"Mar 19, 2020","1.6332","1.4025","1.7394","1.3593","2.10M","16.69%"
"Mar 20, 2020","1.6805","1.6465","1.8784","1.4882","2.91M","2.90%"
"Mar 21, 2020","1.6540","1.6845","1.7594","1.5831","1.63M","-1.58%"
"Mar 22, 2020","1.4770","1.6515","1.7176","1.4591","1.50M","-10.70%"
"Mar 23, 2020","1.6779","1.4649","1.6868","1.4513","1.51M","13.60%"
"Mar 24, 2020","1.7600","1.6779","1.7748","1.6228","1.30M","4.89%"
"Mar 25, 2020","1.7124","1.7579","1.7852","1.6483","1.28M","-2.70%"
"Mar 26, 2020","1.7550","1.7239","1.7600","1.7006","457.41K","2.49%"
"Mar 27, 2020","1.5860","1.7550","1.7792","1.5806","541.55K","-9.63%"
"Mar 28, 2020","1.5630","1.5797","1.6125","1.5085","566.73K","-1.45%"
"Mar 29, 2020","1.4666","1.5630","1.5779","1.4666","359.96K","-6.17%"
"Mar 30, 2020","1.6058","1.4707","1.6581","1.4615","401.81K","9.49%"
"Mar 31, 2020","1.6110","1.6058","1.6368","1.5501","303.24K","0.32%"
"Apr 01, 2020","1.6060","1.6080","1.6318","1.5209","357.38K","-0.31%"
"Apr 02, 2020","1.6700","1.6060","1.8000","1.5959","892.28K","3.99%"
"Apr 03, 2020","1.6757","1.6627","1.7762","1.6492","843.35K","0.34%"
"Apr 04, 2020","1.6954","1.6775","1.7300","1.6548","345.38K","1.18%"
"Apr 05, 2020","1.6661","1.6981","1.7073","1.6626","245.16K","-1.73%"
"Apr 06, 2020","1.9059","1.6661","1.9059","1.6618","1.19M","14.39%"
"Apr 07, 2020","1.9601","1.9107","2.0896","1.8688","2.37M","2.84%"
"Apr 08, 2020","2.1477","1.9601","2.1768","1.9228","1.20M","9.57%"
"Apr 09, 2020","2.1113","2.1423","2.1774","1.9906","1.09M","-1.69%"
"Apr 10, 2020","1.9102","2.1096","2.1144","1.8230","1.20M","-9.52%"
"Apr 11, 2020","1.9697","1.9090","2.0400","1.8885","798.51K","3.11%"
"Apr 12, 2020","2.0038","1.9754","2.0593","1.8935","1.13M","1.73%"
"Apr 13, 2020","1.9350","1.9894","1.9999","1.8909","787.79K","-3.43%"
"Apr 14, 2020","1.9466","1.9350","1.9966","1.9058","549.67K","0.60%"
"Apr 15, 2020","1.9032","1.9466","1.9762","1.8925","403.71K","-2.23%"
"Apr 16, 2020","2.1087","1.9001","2.1399","1.8394","985.68K","10.80%"
"Apr 17, 2020","2.0872","2.1087","2.1581","2.0626","728.68K","-1.02%"
"Apr 18, 2020","2.3287","2.0843","2.3790","2.0843","1.02M","11.57%"
"Apr 19, 2020","2.2487","2.3280","2.3690","2.2129","804.33K","-3.44%"
"Apr 20, 2020","2.1277","2.2440","2.3504","2.0661","1.47M","-5.38%"
"Apr 21, 2020","2.1449","2.1249","2.2030","2.0798","971.30K","0.81%"
"Apr 22, 2020","2.3364","2.1430","2.3429","2.1365","823.86K","8.93%"
"Apr 23, 2020","2.4929","2.3379","2.6000","2.3067","1.24M","6.70%"
"Apr 24, 2020","2.7127","2.4979","2.7654","2.4946","1.32M","8.82%"
"Apr 25, 2020","2.8603","2.7164","2.8832","2.6436","901.14K","5.44%"
"Apr 26, 2020","2.7623","2.8580","2.8580","2.7312","741.55K","-3.43%"
"Apr 27, 2020","2.7398","2.7656","2.7854","2.5520","893.18K","-0.81%"
"Apr 28, 2020","2.7483","2.7398","2.8060","2.6586","860.60K","0.31%"
"Apr 29, 2020","2.9337","2.7477","3.0101","2.7467","1.38M","6.75%"
"Apr 30, 2020","2.7602","2.9433","3.0383","2.6731","1.46M","-5.91%"
"May 01, 2020","2.7953","2.7557","2.9471","2.7503","969.25K","1.27%"
"May 02, 2020","2.8322","2.7958","2.8614","2.7750","496.96K","1.32%"
"May 03, 2020","2.7371","2.8314","2.8745","2.6797","758.28K","-3.36%"
"May 04, 2020","2.7803","2.7371","2.8426","2.5910","1.08M","1.58%"
"May 05, 2020","2.7512","2.7754","2.8300","2.7002","673.69K","-1.05%"
"May 06, 2020","2.6492","2.7488","2.7996","2.6453","570.06K","-3.71%"
"May 07, 2020","2.7110","2.6492","2.8000","2.6103","680.75K","2.33%"
"May 08, 2020","2.7548","2.7151","2.8173","2.6879","527.41K","1.62%"
"May 09, 2020","2.8185","2.7506","2.9592","2.7263","1.07M","2.31%"
"May 10, 2020","2.5500","2.8134","2.8156","2.2821","1.57M","-9.53%"
"May 11, 2020","2.4284","2.5469","2.5925","2.2858","1.51M","-4.77%"
"May 12, 2020","2.5109","2.4244","2.5789","2.4149","710.78K","3.40%"
"May 13, 2020","2.5678","2.5091","2.5891","2.4875","449.25K","2.27%"
"May 14, 2020","2.5453","2.5678","2.6170","2.4929","555.43K","-0.88%"
"May 15, 2020","2.4886","2.5462","2.5507","2.4464","421.85K","-2.23%"
"May 16, 2020","2.6292","2.4905","2.6560","2.4726","408.80K","5.65%"
"May 17, 2020","2.6233","2.6292","2.6900","2.6030","316.55K","-0.22%"
"May 18, 2020","2.7545","2.6233","2.7695","2.6199","474.42K","5.00%"
"May 19, 2020","2.8260","2.7546","2.8348","2.6398","513.31K","2.60%"
"May 20, 2020","2.8227","2.8350","2.8980","2.7200","617.77K","-0.12%"
"May 21, 2020","2.6394","2.8227","2.8564","2.5845","584.20K","-6.49%"
"May 22, 2020","2.7982","2.6425","2.8646","2.6074","565.68K","6.02%"
"May 23, 2020","2.7593","2.7999","2.8290","2.7275","377.82K","-1.39%"
"May 24, 2020","2.6503","2.7566","2.8299","2.6503","395.73K","-3.95%"
"May 25, 2020","2.7335","2.6457","2.7433","2.6313","333.00K","3.14%"
"May 26, 2020","2.6952","2.7335","2.7633","2.6577","342.07K","-1.40%"
"May 27, 2020","2.7076","2.6955","2.7489","2.6793","300.70K","0.46%"
"May 28, 2020","2.8320","2.7076","2.8480","2.6819","308.81K","4.59%"
"May 29, 2020","2.8722","2.8321","2.9084","2.7983","457.48K","1.42%"
"May 30, 2020","2.9237","2.8766","2.9651","2.8199","577.01K","1.79%"
"May 31, 2020","2.8057","2.9237","2.9643","2.7742","525.44K","-4.04%"
"Jun 01, 2020","2.9649","2.8057","2.9947","2.7809","713.16K","5.67%"
"Jun 02, 2020","2.8980","2.9662","3.1264","2.7477","996.72K","-2.26%"
"Jun 03, 2020","3.0405","2.8980","3.0700","2.8404","538.34K","4.92%"
"Jun 04, 2020","2.9954","3.0424","3.0834","2.9105","763.36K","-1.48%"
"Jun 05, 2020","2.9345","2.9986","3.0187","2.9176","486.86K","-2.03%"
"Jun 06, 2020","2.9253","2.9257","2.9722","2.9075","195.95K","-0.31%"
"Jun 07, 2020","2.8868","2.9240","2.9362","2.8112","436.71K","-1.32%"
"Jun 08, 2020","2.9423","2.8868","2.9491","2.8636","187.77K","1.92%"
"Jun 09, 2020","2.9021","2.9456","2.9581","2.8701","160.33K","-1.37%"
"Jun 10, 2020","2.8868","2.9021","2.9265","2.8589","239.52K","-0.53%"
"Jun 11, 2020","2.6154","2.8868","2.9064","2.5339","541.49K","-9.40%"
"Jun 12, 2020","2.6657","2.6131","2.7601","2.5902","494.55K","1.92%"
"Jun 13, 2020","2.6963","2.6657","2.7233","2.6409","192.54K","1.15%"
"Jun 14, 2020","2.5883","2.6975","2.6977","2.5567","230.86K","-4.01%"
"Jun 15, 2020","2.6278","2.5883","2.6850","2.4368","545.26K","1.53%"
"Jun 16, 2020","2.6148","2.6295","2.6697","2.5682","258.82K","-0.49%"
"Jun 17, 2020","2.6777","2.6152","2.6913","2.5500","460.42K","2.41%"
"Jun 18, 2020","2.6643","2.6828","2.7693","2.5629","779.49K","-0.50%"
"Jun 19, 2020","2.6253","2.6637","2.7171","2.6144","612.93K","-1.46%"
"Jun 20, 2020","2.6146","2.6246","2.6558","2.5590","390.98K","-0.41%"
"Jun 21, 2020","2.5878","2.6146","2.6272","2.5776","228.50K","-1.03%"
"Jun 22, 2020","2.6787","2.5853","2.7045","2.5768","481.87K","3.51%"
"Jun 23, 2020","2.7819","2.6853","2.7934","2.6370","989.08K","3.85%"
"Jun 24, 2020","2.6260","2.7819","2.8580","2.5821","1.46M","-5.60%"
"Jun 25, 2020","2.5782","2.6261","2.6497","2.5317","824.26K","-1.82%"
"Jun 26, 2020","2.4854","2.5742","2.5789","2.4536","1.76M","-3.60%"
"Jun 27, 2020","2.3156","2.4872","2.4960","2.2652","1.33M","-6.83%"
"Jun 28, 2020","2.3705","2.3150","2.4333","2.2881","1.10M","2.37%"
"Jun 29, 2020","2.4105","2.3673","2.4398","2.3468","881.14K","1.69%"
"Jun 30, 2020","2.3573","2.4119","2.4161","2.3568","491.79K","-2.21%"
"Jul 01, 2020","2.3997","2.3578","2.4449","2.3354","648.76K","1.80%"
"Jul 02, 2020","2.3341","2.4010","2.4053","2.2760","741.87K","-2.73%"
"Jul 03, 2020","2.2757","2.3341","2.3490","2.2751","576.92K","-2.50%"
"Jul 04, 2020","2.3270","2.2760","2.3531","2.2707","440.29K","2.25%"
"Jul 05, 2020","2.2883","2.3270","2.3293","2.2626","462.90K","-1.66%"
"Jul 06, 2020","2.4400","2.2857","2.4418","2.2857","908.78K","6.63%"
"Jul 07, 2020","2.5117","2.4381","2.5662","2.4242","1.13M","2.94%"
"Jul 08, 2020","2.6516","2.5157","2.6677","2.5157","1.59M","5.57%"
"Jul 09, 2020","2.5307","2.6497","2.6497","2.5176","1.54M","-4.56%"
"Jul 10, 2020","2.5420","2.5307","2.5634","2.4440","1.30M","0.45%"
"Jul 11, 2020","2.6855","2.5455","2.6990","2.5440","2.03M","5.65%"
"Jul 12, 2020","2.8230","2.6858","2.8230","2.6100","2.55M","5.12%"
"Jul 13, 2020","2.9064","2.8263","3.1141","2.7800","5.59M","2.95%"
"Jul 14, 2020","2.9609","2.8982","3.0171","2.7799","3.21M","1.88%"
"Jul 15, 2020","3.2160","2.9557","3.2160","2.8997","3.67M","8.62%"
"Jul 16, 2020","3.0991","3.2273","3.2389","3.0185","5.13M","-3.63%"
"Jul 17, 2020","3.1677","3.0991","3.1950","3.0267","2.53M","2.21%"
"Jul 18, 2020","3.0074","3.1667","3.1667","3.0074","2.01M","-5.06%"
"Jul 19, 2020","2.9828","3.0069","3.0492","2.8949","1.42M","-0.82%"
"Jul 20, 2020","2.7666","2.9828","2.9828","2.7666","1.39M","-7.25%"
"Jul 21, 2020","3.0233","2.7640","3.0423","2.7640","1.74M","9.28%"
"Jul 22, 2020","3.1075","3.0238","3.1075","2.9288","1.49M","2.79%"
"Jul 23, 2020","3.1886","3.1033","3.1986","3.0526","1.84M","2.61%"
"Jul 24, 2020","3.0305","3.1882","3.1882","3.0305","1.71M","-4.96%"
"Jul 25, 2020","3.0599","3.0305","3.0754","3.0305","1.43M","0.97%"
"Jul 26, 2020","2.9868","3.0582","3.0991","2.9775","1.71M","-2.39%"
"Jul 27, 2020","2.8200","2.9845","2.9845","2.7218","3.86M","-5.58%"
"Jul 28, 2020","2.8336","2.8244","2.8612","2.8043","1.53M","0.48%"
"Jul 29, 2020","2.7806","2.8321","2.9173","2.7789","1.14M","-1.87%"
"Jul 30, 2020","2.8071","2.7810","2.8350","2.7357","710.68K","0.95%"
"Jul 31, 2020","2.8401","2.8028","2.8622","2.7939","941.75K","1.18%"
"Aug 01, 2020","3.0389","2.8404","3.0389","2.8404","1.54M","7.00%"
"Aug 02, 2020","2.8938","3.0388","3.1011","2.8499","2.63M","-4.77%"
"Aug 03, 2020","3.0719","2.8915","3.0719","2.8915","1.57M","6.15%"
"Aug 04, 2020","3.2487","3.0719","3.2850","3.0719","3.10M","5.76%"
"Aug 05, 2020","3.1108","3.2444","3.2444","3.1108","1.47M","-4.24%"
"Aug 06, 2020","3.2262","3.1130","3.3243","3.1130","2.12M","3.71%"
"Aug 07, 2020","3.0784","3.2275","3.2698","3.0699","1.66M","-4.58%"
"Aug 08, 2020","3.3826","3.0774","3.3991","3.0774","1.96M","9.88%"
"Aug 09, 2020","3.6935","3.3838","3.6935","3.3625","3.61M","9.19%"
"Aug 10, 2020","4.2711","3.6904","4.2711","3.6051","5.96M","15.64%"
"Aug 11, 2020","4.0139","4.2610","4.2610","3.9872","6.99M","-6.02%"
"Aug 12, 2020","4.3669","4.0105","4.3700","3.7100","7.90M","8.79%"
"Aug 13, 2020","4.1287","4.3661","4.3661","4.0915","6.34M","-5.45%"
"Aug 14, 2020","4.1099","4.1304","4.1598","4.0390","3.72M","-0.46%"
"Aug 15, 2020","4.0662","4.1080","4.2175","3.9876","4.33M","-1.06%"
"Aug 16, 2020","4.2373","4.0619","4.3015","4.0619","3.43M","4.21%"
"Aug 17, 2020","4.0361","4.2070","4.2329","4.0361","2.85M","-4.75%"
"Aug 18, 2020","3.8326","4.0330","4.0696","3.8326","3.28M","-5.04%"
"Aug 19, 2020","3.6272","3.8352","3.9054","3.6248","4.77M","-5.36%"
"Aug 20, 2020","3.8545","3.6333","3.8933","3.5129","3.49M","6.27%"
"Aug 21, 2020","3.3804","3.8558","3.8558","3.3804","4.16M","-12.30%"
"Aug 22, 2020","3.5839","3.3813","3.5839","3.3729","3.10M","6.02%"
"Aug 23, 2020","3.5157","3.5720","3.5990","3.3628","2.86M","-1.90%"
"Aug 24, 2020","3.6809","3.5182","3.7925","3.5004","3.45M","4.70%"
"Aug 25, 2020","3.4354","3.6805","3.6805","3.3587","3.26M","-6.67%"
"Aug 26, 2020","3.3646","3.4344","3.4709","3.3549","2.63M","-2.06%"
"Aug 27, 2020","3.2255","3.3660","3.3970","3.1475","3.47M","-4.13%"
"Aug 28, 2020","3.2638","3.2345","3.2990","3.2109","2.75M","1.19%"
"Aug 29, 2020","3.3529","3.2596","3.4049","3.2235","2.25M","2.73%"
"Aug 30, 2020","3.3870","3.3482","3.4004","3.3482","1.96M","1.02%"
"Aug 31, 2020","3.2438","3.3857","3.4380","3.2438","1.90M","-4.23%"
"Sep 01, 2020","3.4432","3.2421","3.4820","3.2302","3.18M","6.15%"
"Sep 02, 2020","3.1427","3.4415","3.4415","3.0616","3.59M","-8.73%"
"Sep 03, 2020","2.5544","3.1403","3.1403","2.4987","4.95M","-18.72%"
"Sep 04, 2020","2.7418","2.5633","2.7510","2.5633","4.34M","7.34%"
"Sep 05, 2020","2.4805","2.7422","2.8138","2.3935","5.03M","-9.53%"
"Sep 06, 2020","2.5503","2.4771","2.5775","2.3872","2.77M","2.81%"
"Sep 07, 2020","2.5574","2.5512","2.5624","2.3716","2.31M","0.28%"
"Sep 08, 2020","2.5030","2.5685","2.5685","2.4340","2.91M","-2.13%"
"Sep 09, 2020","2.5287","2.5103","2.5937","2.4440","2.25M","1.03%"
"Sep 10, 2020","2.5759","2.5355","2.6231","2.5355","2.95M","1.87%"
"Sep 11, 2020","2.5724","2.5860","2.5860","2.4975","2.15M","-0.14%"
"Sep 12, 2020","2.6023","2.5627","2.6047","2.5177","1.78M","1.16%"
"Sep 13, 2020","2.6232","2.5991","2.7136","2.5725","2.76M","0.80%"
"Sep 14, 2020","2.6137","2.6201","2.6621","2.5628","2.56M","-0.36%"
"Sep 15, 2020","2.5023","2.6145","2.6381","2.5023","2.57M","-4.26%"
"Sep 16, 2020","2.4700","2.5094","2.5296","2.4462","1.81M","-1.29%"
"Sep 17, 2020","2.4725","2.4710","2.5227","2.4504","1.35M","0.10%"
"Sep 18, 2020","2.3876","2.4720","2.5090","2.3448","1.48M","-3.43%"
"Sep 19, 2020","2.3194","2.3903","2.3903","2.2846","1.66M","-2.86%"
"Sep 20, 2020","2.2172","2.3203","2.3618","2.2125","2.00M","-4.41%"
"Sep 21, 2020","1.9745","2.2172","2.2400","1.9700","3.05M","-10.95%"
"Sep 22, 2020","2.1081","1.9797","2.1606","1.9797","2.23M","6.77%"
"Sep 23, 2020","1.9536","2.1087","2.1447","1.9536","2.27M","-7.33%"
"Sep 24, 2020","2.1545","1.9567","2.1709","1.9567","1.75M","10.28%"
"Sep 25, 2020","2.2096","2.1571","2.2175","2.1374","1.47M","2.56%"
"Sep 26, 2020","2.1695","2.2113","2.2113","2.1668","1.24M","-1.81%"
"Sep 27, 2020","2.1746","2.1689","2.1972","2.1289","1.25M","0.24%"
"Sep 28, 2020","2.2455","2.1775","2.3112","2.1775","1.48M","3.26%"
"Sep 29, 2020","2.2297","2.2391","2.2687","2.1532","1.23M","-0.70%"
"Sep 30, 2020","2.1995","2.2326","2.2326","2.1619","1.05M","-1.35%"
"Oct 01, 2020","2.1930","2.1988","2.2820","2.1596","1.35M","-0.30%"
"Oct 02, 2020","2.0861","2.1846","2.1912","2.0648","1.56M","-4.87%"
"Oct 03, 2020","2.1134","2.0865","2.1340","2.0795","728.75K","1.31%"
"Oct 04, 2020","2.1123","2.1154","2.1345","2.1024","885.58K","-0.05%"
"Oct 05, 2020","2.1416","2.1104","2.1440","2.0852","679.99K","1.39%"
"Oct 06, 2020","2.0615","2.1463","2.1809","2.0605","1.72M","-3.74%"
"Oct 07, 2020","2.0692","2.0581","2.1186","2.0544","1.46M","0.37%"
"Oct 08, 2020","2.1103","2.0695","2.1192","2.0326","1.19M","1.99%"
"Oct 09, 2020","2.1965","2.1090","2.2221","2.0912","1.61M","4.08%"
"Oct 10, 2020","2.2079","2.1991","2.2724","2.1991","1.45M","0.52%"
"Oct 11, 2020","2.2508","2.2056","2.3055","2.2056","1.08M","1.94%"
"Oct 12, 2020","2.3435","2.2523","2.3762","2.2523","1.77M","4.12%"
"Oct 13, 2020","2.3997","2.3432","2.4070","2.3432","1.77M","2.40%"
"Oct 14, 2020","2.2733","2.4005","2.4070","2.2657","1.78M","-5.27%"
"Oct 15, 2020","2.2391","2.2674","2.2953","2.2291","1.31M","-1.50%"
"Oct 16, 2020","2.1664","2.2385","2.2651","2.1664","1.44M","-3.25%"
"Oct 17, 2020","2.1865","2.1656","2.2003","2.1607","627.57K","0.93%"
"Oct 18, 2020","2.2251","2.1865","2.2327","2.1865","470.71K","1.77%"
"Oct 19, 2020","2.1884","2.2261","2.2286","2.1793","1.07M","-1.65%"
"Oct 20, 2020","2.0529","2.1869","2.1869","2.0424","1.61M","-6.19%"
"Oct 21, 2020","2.1266","2.0545","2.1564","2.0545","1.53M","3.59%"
"Oct 22, 2020","2.1912","2.1228","2.2350","2.1228","1.63M","3.04%"
"Oct 23, 2020","2.2186","2.1925","2.2475","2.1823","1.57M","1.25%"
"Oct 24, 2020","2.2193","2.2182","2.2290","2.2027","941.25K","0.03%"
"Oct 25, 2020","2.1654","2.2187","2.2434","2.1654","1.12M","-2.43%"
"Oct 26, 2020","2.0910","2.1652","2.1666","2.0843","1.39M","-3.44%"
"Oct 27, 2020","2.0831","2.0895","2.1191","2.0757","1.04M","-0.38%"
"Oct 28, 2020","2.0003","2.0830","2.1040","1.9586","1.36M","-3.97%"
"Oct 29, 2020","1.9336","2.0003","2.0095","1.9307","990.08K","-3.33%"
"Oct 30, 2020","1.9035","1.9324","1.9324","1.8166","1.54M","-1.56%"
"Oct 31, 2020","1.9759","1.9035","2.0092","1.9035","989.16K","3.80%"
"Nov 01, 2020","1.9953","1.9732","1.9953","1.9415","822.92K","0.98%"
"Nov 02, 2020","1.8959","1.9956","2.0283","1.8959","1.21M","-4.98%"
"Nov 03, 2020","1.8689","1.8914","1.8922","1.8448","1.39M","-1.42%"
"Nov 04, 2020","1.8753","1.8707","1.8940","1.7899","1.48M","0.34%"
"Nov 05, 2020","1.8825","1.8753","1.9457","1.8216","1.59M","0.38%"
"Nov 06, 2020","2.0897","1.8874","2.0909","1.8837","3.17M","11.01%"
"Nov 07, 2020","2.0184","2.0900","2.1566","2.0184","3.26M","-3.41%"
"Nov 08, 2020","2.0891","2.0174","2.1246","2.0174","1.38M","3.50%"
"Nov 09, 2020","2.1158","2.0867","2.1274","2.0728","1.50M","1.28%"
"Nov 10, 2020","2.1525","2.1262","2.1642","2.1262","1.73M","1.73%"
"Nov 11, 2020","2.1243","2.1495","2.1778","2.1243","1.54M","-1.31%"
"Nov 12, 2020","2.0714","2.1223","2.1399","2.0576","1.76M","-2.49%"
"Nov 13, 2020","2.1512","2.0729","2.1512","2.0729","1.85M","3.85%"
"Nov 14, 2020","2.0997","2.1527","2.1527","2.0683","1.52M","-2.39%"
"Nov 15, 2020","2.0143","2.0997","2.0997","2.0143","1.61M","-4.07%"
"Nov 16, 2020","2.0816","2.0167","2.0895","2.0140","1.94M","3.34%"
"Nov 17, 2020","2.1455","2.0810","2.1460","2.0810","2.35M","3.07%"
"Nov 18, 2020","2.0852","2.1455","2.1613","2.0308","2.90M","-2.81%"
"Nov 19, 2020","2.0774","2.0899","2.1312","2.0333","1.86M","-0.37%"
"Nov 20, 2020","2.1062","2.0774","2.1155","2.0774","2.57M","1.39%"
"Nov 21, 2020","2.3943","2.1058","2.3943","2.1058","5.12M","13.68%"
"Nov 22, 2020","2.2791","2.4020","2.4020","2.2200","3.51M","-4.81%"
"Nov 23, 2020","2.6234","2.2797","2.6234","2.2797","4.55M","15.11%"
"Nov 24, 2020","2.6711","2.6229","2.7051","2.5483","6.47M","1.82%"
"Nov 25, 2020","2.6014","2.6694","2.8743","2.5793","5.77M","-2.61%"
"Nov 26, 2020","2.2463","2.5971","2.5971","2.1964","9.31M","-13.65%"
"Nov 27, 2020","2.2504","2.2423","2.2997","2.2024","3.57M","0.18%"
"Nov 28, 2020","2.3210","2.2518","2.3893","2.2196","2.59M","3.14%"
"Nov 29, 2020","2.3592","2.3191","2.4301","2.2896","1.72M","1.65%"
"Nov 30, 2020","2.4920","2.3668","2.5166","2.3668","2.87M","5.63%"
"Dec 01, 2020","2.3234","2.4930","2.5126","2.3204","3.61M","-6.77%"
"Dec 02, 2020","2.3909","2.3215","2.4046","2.3210","1.89M","2.91%"
"Dec 03, 2020","2.4052","2.3873","2.4311","2.3873","1.84M","0.60%"
"Dec 04, 2020","2.2771","2.4046","2.4046","2.2771","2.25M","-5.33%"
"Dec 05, 2020","2.3235","2.2751","2.3235","2.2620","779.62K","2.04%"
"Dec 06, 2020","2.3242","2.3235","2.3269","2.2929","1.18M","0.03%"
"Dec 07, 2020","2.2759","2.3243","2.3243","2.2399","1.03M","-2.08%"
"Dec 08, 2020","2.1537","2.2760","2.3295","2.1537","1.88M","-5.37%"
"Dec 09, 2020","2.1748","2.1537","2.1748","2.0500","1.71M","0.98%"
"Dec 10, 2020","2.1050","2.1765","2.1786","2.0969","904.58K","-3.21%"
"Dec 11, 2020","2.0764","2.1073","2.1073","2.0626","1.15M","-1.36%"
"Dec 12, 2020","2.1349","2.0773","2.1572","2.0773","825.00K","2.82%"
"Dec 13, 2020","2.2321","2.1341","2.2375","2.1341","1.39M","4.55%"
"Dec 14, 2020","2.2250","2.2321","2.2550","2.1994","842.59K","-0.32%"
"Dec 15, 2020","2.2308","2.2267","2.2419","2.2051","736.41K","0.26%"
"Dec 16, 2020","2.3717","2.2307","2.3717","2.2087","1.57M","6.32%"
"Dec 17, 2020","2.2973","2.3703","2.4036","2.2973","2.92M","-3.14%"
"Dec 18, 2020","2.3263","2.2964","2.3350","2.2908","1.13M","1.26%"
"Dec 19, 2020","2.3240","2.3254","2.3860","2.3137","1.09M","-0.10%"
"Dec 20, 2020","2.2698","2.3235","2.3310","2.2698","1.09M","-2.33%"
"Dec 21, 2020","2.1797","2.2671","2.2963","2.1638","1.86M","-3.97%"
"Dec 22, 2020","2.1863","2.1766","2.1863","2.1223","1.54M","0.30%"
"Dec 23, 2020","1.8207","2.1824","2.1824","1.7294","2.81M","-16.72%"
"Dec 24, 2020","2.0625","1.8185","2.0625","1.8185","1.62M","13.28%"
"Dec 25, 2020","2.0283","2.0599","2.1000","2.0121","1.44M","-1.66%"
"Dec 26, 2020","1.9795","2.0280","2.0280","1.9452","773.49K","-2.41%"
"Dec 27, 2020","2.0036","1.9830","2.0773","1.9374","1.77M","1.22%"
"Dec 28, 2020","2.1218","2.0090","2.1303","2.0090","1.85M","5.90%"
"Dec 29, 2020","2.0406","2.1214","2.1214","2.0037","2.22M","-3.83%"
"Dec 30, 2020","1.9887","2.0406","2.0571","1.9679","1.12M","-2.54%"
"Dec 31, 2020","2.0105","1.9887","2.0141","1.9628","901.75K","1.10%"
"Jan 01, 2021","2.0064","2.0112","2.1066","1.9843","1.62M","-0.20%"
"Jan 02, 2021","1.9987","2.0073","2.0346","1.9757","1.83M","-0.38%"
"Jan 03, 2021","2.1354","1.9991","2.1397","1.9881","2.45M","6.84%"
"Jan 04, 2021","2.3317","2.1459","2.3317","2.1388","4.76M","9.19%"
"Jan 05, 2021","2.3745","2.3353","2.3878","2.2073","3.48M","1.84%"
"Jan 06, 2021","2.6388","2.3793","2.6474","2.3368","3.86M","11.13%"
"Jan 07, 2021","2.5313","2.6531","2.7389","2.4293","4.29M","-4.07%"
"Jan 08, 2021","2.4575","2.5344","2.5344","2.2713","4.43M","-2.92%"
"Jan 09, 2021","2.6359","2.4555","2.6759","2.4347","2.57M","7.26%"
"Jan 10, 2021","2.7629","2.6370","2.9090","2.5504","5.55M","4.82%"
"Jan 11, 2021","2.3237","2.7593","2.7593","2.2315","7.65M","-15.90%"
"Jan 12, 2021","2.2927","2.3294","2.3997","2.2927","4.07M","-1.33%"
"Jan 13, 2021","2.5020","2.2966","2.5020","2.2596","3.30M","9.13%"
"Jan 14, 2021","2.5585","2.5012","2.5622","2.4363","2.89M","2.26%"
"Jan 15, 2021","2.7146","2.5536","2.7305","2.5536","7.04M","6.10%"
"Jan 16, 2021","2.8523","2.7068","3.1302","2.7068","7.57M","5.07%"
"Jan 17, 2021","2.9740","2.8426","3.0745","2.7674","4.92M","4.27%"
"Jan 18, 2021","3.0329","2.9793","3.0329","2.8654","3.18M","1.98%"
"Jan 19, 2021","2.8744","3.0338","3.1285","2.8744","3.73M","-5.23%"
"Jan 20, 2021","2.9093","2.8705","2.9181","2.7379","3.46M","1.21%"
"Jan 21, 2021","2.4624","2.9106","2.9106","2.4624","3.34M","-15.36%"
"Jan 22, 2021","2.9146","2.4594","3.0958","2.4088","9.29M","18.36%"
"Jan 23, 2021","3.1642","2.9087","3.2552","2.9087","10.53M","8.56%"
"Jan 24, 2021","3.0461","3.1567","3.1942","3.0461","5.34M","-3.73%"
"Jan 25, 2021","2.9166","3.0450","3.1224","2.9166","3.82M","-4.25%"
"Jan 26, 2021","2.9141","2.9126","2.9402","2.8122","2.66M","-0.09%"
"Jan 27, 2021","2.7994","2.9086","2.9086","2.6662","3.54M","-3.94%"
"Jan 28, 2021","2.9978","2.7933","3.0269","2.7933","4.44M","7.09%"
"Jan 29, 2021","2.9107","3.0066","3.0066","2.9086","3.96M","-2.91%"
"Jan 30, 2021","2.8975","2.9106","2.9762","2.8590","2.45M","-0.45%"
"Jan 31, 2021","2.8450","2.8962","2.9400","2.7990","2.19M","-1.81%"
"Feb 01, 2021","2.9218","2.8478","2.9218","2.8166","2.00M","2.70%"
"Feb 02, 2021","2.9086","2.9216","2.9402","2.8709","1.63M","-0.45%"
"Feb 03, 2021","3.0479","2.9085","3.1541","2.9085","3.66M","4.79%"
"Feb 04, 2021","2.9633","3.0529","3.0529","2.9511","4.45M","-2.78%"
"Feb 05, 2021","3.4685","2.9668","3.4685","2.9668","6.42M","17.05%"
"Feb 06, 2021","3.1717","3.4807","3.4807","3.1717","4.49M","-8.56%"
"Feb 07, 2021","3.3094","3.1682","3.4034","3.1279","5.92M","4.34%"
"Feb 08, 2021","3.4101","3.3083","3.4101","3.2712","3.70M","3.04%"
"Feb 09, 2021","3.7642","3.4139","3.7642","3.2120","7.02M","10.38%"
"Feb 10, 2021","3.8426","3.7764","3.8471","3.5797","7.27M","2.08%"
"Feb 11, 2021","4.1149","3.8493","4.2314","3.8493","6.18M","7.09%"
"Feb 12, 2021","5.0052","4.1159","5.1776","4.1046","8.59M","21.64%"
"Feb 13, 2021","5.3620","5.0302","5.3620","4.8221","7.78M","7.13%"
"Feb 14, 2021","4.8589","5.3909","5.4393","4.8589","5.83M","-9.38%"
"Feb 15, 2021","4.5411","4.8640","4.8928","4.1144","9.30M","-6.54%"
"Feb 16, 2021","4.5441","4.5492","4.7985","4.4480","4.38M","0.07%"
"Feb 17, 2021","4.6005","4.5549","4.7300","4.3406","2.75M","1.24%"
"Feb 18, 2021","4.8442","4.6214","4.9263","4.6214","3.19M","5.30%"
"Feb 19, 2021","4.9674","4.8600","4.9981","4.6785","3.51M","2.54%"
"Feb 20, 2021","4.6361","4.9767","5.0327","4.6361","5.86M","-6.67%"
"Feb 21, 2021","4.6719","4.6385","4.7429","4.5759","2.83M","0.77%"
"Feb 22, 2021","4.2712","4.6800","4.6800","4.0325","7.61M","-8.58%"
"Feb 23, 2021","3.5466","4.2723","4.2723","3.3332","12.88M","-16.96%"
"Feb 24, 2021","3.5348","3.5560","3.8655","3.4940","5.38M","-0.33%"
"Feb 25, 2021","3.3369","3.5339","3.7761","3.3369","4.80M","-5.60%"
"Feb 26, 2021","3.4605","3.3367","3.7605","3.3111","5.69M","3.70%"
"Feb 27, 2021","3.6374","3.4656","3.7497","3.4656","3.20M","5.11%"
"Feb 28, 2021","3.4087","3.6294","3.6294","3.2520","3.06M","-6.29%"
"Mar 01, 2021","3.6332","3.4206","3.6471","3.4206","2.15M","6.59%"
"Mar 02, 2021","3.6848","3.6359","3.7915","3.5474","2.58M","1.42%"
"Mar 03, 2021","3.8523","3.6843","3.9835","3.6843","2.98M","4.55%"
"Mar 04, 2021","3.6625","3.8400","3.8400","3.6446","2.33M","-4.93%"
"Mar 05, 2021","3.7613","3.6638","3.8049","3.5242","3.28M","2.70%"
"Mar 06, 2021","3.8745","3.7571","3.9348","3.7571","2.76M","3.01%"
"Mar 07, 2021","4.1938","3.8757","4.1938","3.8407","2.46M","8.24%"
"Mar 08, 2021","4.4000","4.2029","4.4062","4.0737","3.13M","4.92%"
"Mar 09, 2021","4.4686","4.4032","4.5472","4.4032","2.32M","1.56%"
"Mar 10, 2021","4.1421","4.4636","4.4636","4.1421","2.20M","-7.31%"
"Mar 11, 2021","4.1208","4.1650","4.1650","3.9922","1.48M","-0.51%"
"Mar 12, 2021","3.9684","4.1324","4.1324","3.8785","1.90M","-3.70%"
"Mar 13, 2021","4.1685","3.9687","4.2158","3.8931","1.89M","5.04%"
"Mar 14, 2021","3.9457","4.1713","4.1713","3.9457","1.27M","-5.34%"
"Mar 15, 2021","3.8305","3.9494","3.9948","3.8305","1.97M","-2.92%"
"Mar 16, 2021","4.0383","3.8372","4.0383","3.7751","2.01M","5.42%"
"Mar 17, 2021","4.3993","4.0422","4.3993","3.8903","4.18M","8.94%"
"Mar 18, 2021","4.2585","4.4219","4.4400","4.2523","4.17M","-3.20%"
"Mar 19, 2021","4.2267","4.2602","4.3425","4.2267","1.89M","-0.75%"
"Mar 20, 2021","4.3415","4.2210","4.4641","4.2210","2.64M","2.72%"
"Mar 21, 2021","4.1724","4.3633","4.3633","4.0911","1.72M","-3.89%"
"Mar 22, 2021","4.0644","4.1690","4.2815","4.0644","2.74M","-2.59%"
"Mar 23, 2021","4.1356","4.0545","4.1374","4.0117","1.87M","1.75%"
"Mar 24, 2021","3.9894","4.1263","4.4190","3.9894","3.69M","-3.54%"
"Mar 25, 2021","3.9173","3.9844","4.0450","3.8427","2.84M","-1.81%"
"Mar 26, 2021","4.1899","3.9194","4.1899","3.9194","1.76M","6.96%"
"Mar 27, 2021","4.1069","4.1899","4.1899","4.0964","1.11M","-1.98%"
"Mar 28, 2021","4.2285","4.1153","4.2697","4.1153","1.49M","2.96%"
"Mar 29, 2021","4.5945","4.2230","4.5945","4.1891","2.51M","8.66%"
"Mar 30, 2021","4.5570","4.6102","4.7701","4.5570","1.94M","-0.82%"
"Mar 31, 2021","4.8290","4.5585","4.8290","4.4001","2.51M","5.97%"
"Apr 01, 2021","5.1164","4.8486","5.1259","4.8211","3.74M","5.95%"
"Apr 02, 2021","5.2929","5.1396","5.2997","5.0499","2.02M","3.45%"
"Apr 03, 2021","4.7675","5.3031","5.3985","4.7675","1.90M","-9.93%"
"Apr 04, 2021","5.1230","4.7586","5.1438","4.7586","1.21M","7.46%"
"Apr 05, 2021","6.0941","5.1316","6.0941","5.0556","6.48M","18.96%"
"Apr 06, 2021","6.1590","6.1057","6.3770","6.0566","6.78M","1.06%"
"Apr 07, 2021","5.5149","6.1657","6.2397","5.5149","5.73M","-10.46%"
"Apr 08, 2021","6.1623","5.5265","6.1623","5.5265","2.71M","11.74%"
"Apr 09, 2021","6.8293","6.1679","6.8293","6.0380","4.04M","10.82%"
"Apr 10, 2021","6.5638","6.8130","6.8130","6.4168","4.75M","-3.89%"
"Apr 11, 2021","6.4491","6.5652","6.6016","6.4039","1.97M","-1.75%"
"Apr 12, 2021","6.2835","6.4547","6.4547","6.2099","2.00M","-2.57%"
"Apr 13, 2021","6.5411","6.2963","6.6167","6.1921","2.12M","4.10%"
"Apr 14, 2021","6.5707","6.5836","6.8081","6.2972","3.55M","0.45%"
"Apr 15, 2021","6.7920","6.5702","6.8038","6.4356","2.71M","3.37%"
"Apr 16, 2021","7.1990","6.8040","7.2690","6.8040","5.85M","5.99%"
"Apr 17, 2021","7.0585","7.2259","7.4886","7.0585","3.52M","-1.95%"
"Apr 18, 2021","6.1649","7.0765","7.0765","5.7616","8.45M","-12.66%"
"Apr 19, 2021","5.4504","6.1801","6.3275","5.4504","4.15M","-11.59%"
"Apr 20, 2021","5.7054","5.4689","5.7054","5.1771","5.55M","4.68%"
"Apr 21, 2021","5.3319","5.7094","5.7448","5.3319","3.34M","-6.55%"
"Apr 22, 2021","4.9449","5.3308","5.6813","4.9449","3.84M","-7.26%"
"Apr 23, 2021","4.8099","4.9153","4.9153","4.2327","6.16M","-2.73%"
"Apr 24, 2021","4.4480","4.8189","4.8189","4.4480","2.63M","-7.52%"
"Apr 25, 2021","4.4487","4.4478","4.7615","4.3625","1.77M","0.02%"
"Apr 26, 2021","5.2261","4.4542","5.2261","4.4542","3.08M","17.47%"
"Apr 27, 2021","5.4339","5.2226","5.4339","5.2226","1.98M","3.98%"
"Apr 28, 2021","5.2509","5.4362","5.4954","5.2241","2.01M","-3.37%"
"Apr 29, 2021","5.2404","5.2542","5.3977","5.1323","1.39M","-0.20%"
"Apr 30, 2021","5.6138","5.2342","5.6175","5.2342","2.37M","7.13%"
"May 01, 2021","5.8151","5.6138","5.8151","5.5572","1.97M","3.59%"
"May 02, 2021","5.6017","5.8212","5.8212","5.5614","1.90M","-3.67%"
"May 03, 2021","6.0040","5.6077","6.0586","5.6077","2.71M","7.18%"
"May 04, 2021","5.5159","6.0084","6.0495","5.5159","4.84M","-8.13%"
"May 05, 2021","6.6050","5.5765","6.6665","5.5765","5.99M","19.74%"
"May 06, 2021","7.5647","6.6058","7.7121","6.6058","9.25M","14.53%"
"May 07, 2021","7.0971","7.5741","7.8468","6.9774","7.35M","-6.18%"
"May 08, 2021","6.9755","7.0728","7.2301","6.8640","3.06M","-1.71%"
"May 09, 2021","7.0919","6.9784","7.0919","6.6794","2.41M","1.67%"
"May 10, 2021","6.1785","7.1075","7.1100","6.1785","3.48M","-12.88%"
"May 11, 2021","7.1231","6.1989","7.1231","6.1066","4.58M","15.29%"
"May 12, 2021","5.9394","7.1565","7.1565","5.9394","5.13M","-16.62%"
"May 13, 2021","6.1249","5.8922","6.3474","5.8922","6.89M","3.12%"
"May 14, 2021","6.4724","6.1084","6.4724","6.0888","2.90M","5.67%"
"May 15, 2021","5.7778","6.4616","6.4616","5.7778","3.27M","-10.73%"
"May 16, 2021","5.6724","5.7986","6.1562","5.6519","3.74M","-1.82%"
"May 17, 2021","5.1699","5.6656","5.6656","5.1186","4.36M","-8.86%"
"May 18, 2021","5.7381","5.1827","5.8123","5.1827","4.72M","10.99%"
"May 19, 2021","3.6034","5.7481","5.7686","3.5503","14.68M","-37.20%"
"May 20, 2021","4.1824","3.6530","4.4034","3.4231","7.32M","16.07%"
"May 21, 2021","3.6748","4.1751","4.2069","3.5106","6.30M","-12.14%"
"May 22, 2021","3.4320","3.6650","3.6650","3.3584","3.74M","-6.61%"
"May 23, 2021","2.9127","3.4363","3.5067","2.5760","4.84M","-15.13%"
"May 24, 2021","3.5335","2.9079","3.5335","2.9079","3.23M","21.31%"
"May 25, 2021","3.6550","3.5361","3.6550","3.4529","3.29M","3.44%"
"May 26, 2021","3.9235","3.6646","3.9235","3.6052","3.34M","7.35%"
"May 27, 2021","3.8545","3.9242","4.0157","3.6821","3.21M","-1.76%"
"May 28, 2021","3.3889","3.8703","3.8703","3.3263","3.09M","-12.08%"
"May 29, 2021","3.2024","3.3872","3.5192","3.1178","2.84M","-5.50%"
"May 30, 2021","3.2872","3.2074","3.4164","3.0475","2.39M","2.65%"
"May 31, 2021","3.6063","3.2612","3.6063","3.1966","2.03M","9.71%"
"Jun 01, 2021","3.6704","3.5817","3.6710","3.5127","2.45M","1.78%"
"Jun 02, 2021","3.8130","3.6774","3.8433","3.6681","2.06M","3.89%"
"Jun 03, 2021","3.8767","3.8055","3.9420","3.7871","1.80M","1.67%"
"Jun 04, 2021","3.5535","3.8805","3.8805","3.5026","2.26M","-8.34%"
"Jun 05, 2021","3.4286","3.5543","3.6595","3.3301","1.69M","-3.51%"
"Jun 06, 2021","3.8369","3.4262","3.8369","3.4262","2.39M","11.91%"
"Jun 07, 2021","3.4868","3.8337","4.1161","3.4868","5.01M","-9.12%"
"Jun 08, 2021","3.4462","3.4841","3.4841","3.1869","3.68M","-1.16%"
"Jun 09, 2021","3.5089","3.4345","3.5089","3.2958","2.28M","1.82%"
"Jun 10, 2021","3.2731","3.5071","3.5071","3.2731","1.57M","-6.72%"
"Jun 11, 2021","3.1347","3.2802","3.3105","3.1347","1.52M","-4.23%"
"Jun 12, 2021","3.1407","3.1379","3.1778","2.9629","1.12M","0.19%"
"Jun 13, 2021","3.3097","3.1439","3.3097","3.0129","2.57M","5.38%"
"Jun 14, 2021","3.3500","3.3154","3.3500","3.2081","2.01M","1.22%"
"Jun 15, 2021","3.2690","3.3528","3.3707","3.2544","902.13K","-2.42%"
"Jun 16, 2021","3.1204","3.2710","3.3030","3.1048","1.10M","-4.55%"
"Jun 17, 2021","3.3719","3.1158","3.4092","3.1158","2.20M","8.06%"
"Jun 18, 2021","3.0973","3.3720","3.3720","3.0376","1.40M","-8.14%"
"Jun 19, 2021","3.0352","3.0828","3.1631","3.0352","1.18M","-2.00%"
"Jun 20, 2021","3.0761","3.0278","3.0761","2.9407","1.10M","1.35%"
"Jun 21, 2021","2.4911","3.0804","3.0804","2.4911","2.35M","-19.02%"
"Jun 22, 2021","2.3693","2.4861","2.5925","2.2262","3.23M","-4.89%"
"Jun 23, 2021","2.6879","2.3715","2.6966","2.3715","1.70M","13.45%"
"Jun 24, 2021","2.8273","2.6879","2.8273","2.5899","1.03M","5.19%"
"Jun 25, 2021","2.5272","2.8485","2.8485","2.5272","1.37M","-10.61%"
"Jun 26, 2021","2.5418","2.5210","2.5903","2.4138","951.38K","0.58%"
"Jun 27, 2021","2.6223","2.5417","2.6226","2.4745","1.04M","3.17%"
"Jun 28, 2021","2.7015","2.6258","2.7338","2.5854","773.75K","3.02%"
"Jun 29, 2021","2.9733","2.7048","2.9733","2.7048","1.61M","10.06%"
"Jun 30, 2021","3.0433","2.9799","3.0433","2.7806","1.18M","2.35%"
"Jul 01, 2021","2.9449","3.0516","3.0516","2.8587","998.14K","-3.23%"
"Jul 02, 2021","2.9529","2.9406","2.9638","2.7876","919.79K","0.27%"
"Jul 03, 2021","3.0098","2.9589","3.0098","2.8990","676.92K","1.93%"
"Jul 04, 2021","3.0418","3.0502","3.1022","3.0389","516.24K","1.06%"
"Jul 05, 2021","2.8311","3.0391","3.0391","2.8311","861.77K","-6.93%"
"Jul 06, 2021","2.9061","2.8271","2.9527","2.8271","876.36K","2.65%"
"Jul 07, 2021","2.8754","2.8611","2.9609","2.8571","572.98K","-1.06%"
"Jul 08, 2021","2.6961","2.8754","2.8949","2.6189","842.62K","-6.24%"
"Jul 09, 2021","2.7514","2.6936","2.7994","2.5839","472.85K","2.05%"
"Jul 10, 2021","2.7846","2.7531","2.8382","2.6982","531.92K","1.21%"
"Jul 11, 2021","2.8451","2.7846","2.8910","2.7325","777.51K","2.17%"
"Jul 12, 2021","2.8100","2.8451","2.9505","2.7659","944.82K","-1.23%"
"Jul 13, 2021","2.8098","2.8073","2.9172","2.7669","1.30M","-0.01%"
"Jul 14, 2021","2.7184","2.8107","2.8191","2.5376","1.89M","-3.25%"
"Jul 15, 2021","2.5771","2.7150","2.7514","2.5269","1.49M","-5.20%"
"Jul 16, 2021","2.4081","2.5761","2.6367","2.4032","2.02M","-6.56%"
"Jul 17, 2021","2.4058","2.4078","2.4816","2.3710","1.46M","-0.10%"
"Jul 18, 2021","2.4283","2.4059","2.4932","2.3829","855.76K","0.94%"
"Jul 19, 2021","2.2856","2.4312","2.4480","2.2689","1.06M","-5.88%"
"Jul 20, 2021","2.1538","2.2878","2.3330","2.1054","1.11M","-5.77%"
"Jul 21, 2021","2.3945","2.1538","2.4366","2.1033","1.26M","11.18%"
"Jul 22, 2021","2.5007","2.3981","2.5098","2.3355","798.96K","4.44%"
"Jul 23, 2021","2.6847","2.5007","2.6931","2.4972","1.15M","7.36%"
"Jul 24, 2021","2.6880","2.6847","2.7856","2.6494","1.09M","0.12%"
"Jul 25, 2021","2.8898","2.7933","2.9043","2.7201","1.24M","7.51%"
"Jul 26, 2021","2.8391","2.8928","3.1154","2.8290","2.62M","-1.75%"
"Jul 27, 2021","2.8632","2.8407","2.9289","2.7412","1.29M","0.85%"
"Jul 28, 2021","2.8076","2.8616","2.8977","2.7615","952.41K","-1.94%"
"Jul 29, 2021","2.8492","2.8112","2.8639","2.7382","708.79K","1.48%"
"Jul 30, 2021","2.9704","2.8517","2.9704","2.7646","1.13M","4.25%"
"Jul 31, 2021","3.0292","2.9704","3.1036","2.9204","1.14M","1.98%"
"Aug 01, 2021","2.9512","3.0351","3.1800","2.9079","1.85M","-2.57%"
"Aug 02, 2021","3.1304","2.9512","3.3084","2.8903","2.14M","6.07%"
"Aug 03, 2021","3.0514","3.1301","3.1997","2.9723","1.08M","-2.52%"
"Aug 04, 2021","3.1772","3.0514","3.1899","2.9943","714.88K","4.12%"
"Aug 05, 2021","3.2208","3.1758","3.2714","3.0726","1.67M","1.37%"
"Aug 06, 2021","3.3526","3.2249","3.3629","3.1488","1.26M","4.09%"
"Aug 07, 2021","3.4249","3.3526","3.5355","3.3077","1.71M","2.16%"
"Aug 08, 2021","3.1816","3.4239","3.4875","3.1572","943.71K","-7.10%"
"Aug 09, 2021","3.2839","3.1787","3.3467","3.1070","880.02K","3.22%"
"Aug 10, 2021","3.2643","3.2848","3.3502","3.1831","1.10M","-0.60%"
"Aug 11, 2021","3.4528","3.2643","3.5631","3.2622","2.16M","5.77%"
"Aug 12, 2021","3.3482","3.4455","3.6075","3.2211","1.92M","-3.03%"
"Aug 13, 2021","3.5936","3.3494","3.5953","3.2978","1.93M","7.33%"
"Aug 14, 2021","3.6966","3.5947","3.7177","3.4690","1.96M","2.87%"
"Aug 15, 2021","3.7371","3.6960","3.7599","3.5533","1.44M","1.10%"
"Aug 16, 2021","3.6357","3.7357","3.8915","3.6161","1.96M","-2.71%"
"Aug 17, 2021","3.4017","3.6340","3.8023","3.3830","2.23M","-6.44%"
"Aug 18, 2021","3.3427","3.4011","3.4690","3.2364","1.75M","-1.73%"
"Aug 19, 2021","3.6422","3.3500","3.6498","3.2885","2.29M","8.96%"
"Aug 20, 2021","3.7281","3.6422","3.7321","3.5851","1.60M","2.36%"
"Aug 21, 2021","3.6913","3.7281","3.8290","3.6186","2.12M","-0.99%"
"Aug 22, 2021","3.7977","3.6928","3.8812","3.6692","2.10M","2.88%"
"Aug 23, 2021","4.3141","3.7977","4.3415","3.7813","4.61M","13.60%"
"Aug 24, 2021","3.9652","4.3128","4.4724","3.8948","4.64M","-8.09%"
"Aug 25, 2021","5.0946","3.9640","5.4168","3.9595","9.19M","28.48%"
"Aug 26, 2021","4.4383","5.0953","5.1089","4.3211","7.18M","-12.88%"
"Aug 27, 2021","5.2411","4.4322","5.5224","4.2567","7.57M","18.09%"
"Aug 28, 2021","5.6277","5.2390","5.6851","5.0172","4.54M","7.38%"
"Aug 29, 2021","5.8901","5.6329","6.1251","5.3978","8.16M","4.66%"
"Aug 30, 2021","5.3894","5.8876","6.0031","5.2967","5.44M","-8.50%"
"Aug 31, 2021","5.1654","5.3941","5.5966","5.0065","3.44M","-4.16%"
"Sep 01, 2021","5.4206","5.1631","5.5056","5.0115","2.37M","4.94%"
"Sep 02, 2021","5.2963","5.4164","5.4391","5.2019","1.24M","-2.29%"
"Sep 03, 2021","5.3112","5.2960","5.4724","5.1188","1.59M","0.28%"
"Sep 04, 2021","5.3999","5.3082","5.5921","5.2462","1.81M","1.67%"
"Sep 05, 2021","5.5643","5.3985","5.5905","5.2691","1.93M","3.04%"
"Sep 06, 2021","5.5963","5.5671","5.7669","5.4026","2.69M","0.58%"
"Sep 07, 2021","4.3921","5.5963","5.7132","3.9109","6.31M","-21.52%"
"Sep 08, 2021","4.3311","4.4168","4.5062","3.9013","2.98M","-1.39%"
"Sep 09, 2021","5.5769","4.3373","5.6815","4.2686","6.16M","28.76%"
"Sep 10, 2021","6.1841","5.5836","6.8551","5.3301","15.21M","10.89%"
"Sep 11, 2021","6.1175","6.1900","6.9430","6.0523","7.45M","-1.08%"
"Sep 12, 2021","7.0376","6.1185","7.2333","5.9099","6.50M","15.04%"
"Sep 13, 2021","7.1678","7.0292","7.8833","6.3152","15.75M","1.85%"
"Sep 14, 2021","7.1191","7.1851","8.0211","6.8389","7.73M","-0.68%"
"Sep 15, 2021","6.8923","7.1154","7.6404","6.7475","4.02M","-3.19%"
"Sep 16, 2021","6.9577","6.8979","7.0364","6.4716","3.27M","0.95%"
"Sep 17, 2021","6.1126","6.9406","6.9625","6.0488","4.27M","-12.15%"
"Sep 18, 2021","6.3986","6.1135","6.7230","5.9119","4.08M","4.68%"
"Sep 19, 2021","6.5114","6.4011","6.9221","6.1180","4.74M","1.76%"
"Sep 20, 2021","5.2978","6.5132","6.5470","5.0727","6.05M","-18.64%"
"Sep 21, 2021","4.6700","5.3004","5.5175","4.4872","4.71M","-11.85%"
"Sep 22, 2021","5.5747","4.6804","5.6130","4.5145","3.90M","19.37%"
"Sep 23, 2021","6.2089","5.5784","6.5861","5.5006","6.28M","11.38%"
"Sep 24, 2021","7.0013","6.2106","7.3965","5.8087","10.13M","12.76%"
"Sep 25, 2021","6.8256","6.9882","7.4985","6.7889","7.15M","-2.51%"
"Sep 26, 2021","6.5258","6.8196","7.0692","6.4417","5.04M","-4.39%"
"Sep 27, 2021","6.0381","6.5220","6.6591","6.0136","2.60M","-7.47%"
"Sep 28, 2021","5.4815","6.0279","6.2630","5.4451","3.54M","-9.22%"
"Sep 29, 2021","5.6435","5.4686","6.0648","5.3566","3.58M","2.96%"
"Sep 30, 2021","6.0711","5.6430","6.0846","5.5962","3.04M","7.58%"
"Oct 01, 2021","6.6857","6.0720","6.8507","6.0119","5.44M","10.12%"
"Oct 02, 2021","7.3445","6.6875","7.7784","6.5300","6.00M","9.85%"
"Oct 03, 2021","8.6955","7.3381","8.9150","7.3381","10.75M","18.39%"
"Oct 04, 2021","8.3238","8.7032","9.1437","8.1833","7.00M","-4.27%"
"Oct 05, 2021","7.9434","8.3238","8.5354","7.7117","2.87M","-4.57%"
"Oct 06, 2021","7.7447","7.9434","8.5134","7.1532","5.16M","-2.50%"
"Oct 07, 2021","7.6032","7.7521","8.0645","7.4179","3.37M","-1.83%"
"Oct 08, 2021","7.2853","7.6032","7.7914","7.2338","2.30M","-4.18%"
"Oct 09, 2021","7.6204","7.3005","7.6300","7.2038","1.32M","4.60%"
"Oct 10, 2021","6.9737","7.6222","8.0777","6.9383","3.16M","-8.49%"
"Oct 11, 2021","6.8995","6.9670","7.3749","6.6505","1.78M","-1.06%"
"Oct 12, 2021","7.1219","6.8995","7.2652","6.6149","3.29M","3.22%"
"Oct 13, 2021","7.2992","7.1190","7.3143","6.8477","2.11M","2.49%"
"Oct 14, 2021","7.1366","7.3023","7.4039","7.0605","1.79M","-2.23%"
"Oct 15, 2021","6.8429","7.1393","7.1447","6.7379","2.66M","-4.12%"
"Oct 16, 2021","6.9000","6.8429","7.1358","6.8390","1.09M","0.83%"
"Oct 17, 2021","6.6201","6.9099","6.9792","6.3663","1.57M","-4.06%"
"Oct 18, 2021","6.5511","6.6248","6.6726","6.3795","1.03M","-1.04%"
"Oct 19, 2021","6.7447","6.5498","6.8933","6.5093","2.12M","2.96%"
"Oct 20, 2021","7.0064","6.7447","7.1262","6.5772","1.22M","3.88%"
"Oct 21, 2021","6.6468","7.0183","7.1332","6.6194","1.49M","-5.13%"
"Oct 22, 2021","6.6975","6.6516","6.9005","6.5552","989.32K","0.76%"
"Oct 23, 2021","6.7368","6.7068","6.8200","6.6359","690.43K","0.59%"
"Oct 24, 2021","6.4836","6.7368","6.7429","6.2867","1.06M","-3.76%"
"Oct 25, 2021","6.6276","6.4785","6.7144","6.4202","1.01M","2.22%"
"Oct 26, 2021","6.8177","6.6276","7.1731","6.6194","1.98M","2.87%"
"Oct 27, 2021","5.8801","6.8210","6.8874","5.5775","5.15M","-13.75%"
"Oct 28, 2021","6.1429","5.9022","6.2590","5.8044","2.37M","4.47%"
"Oct 29, 2021","6.5637","6.1355","6.7371","6.0766","2.14M","6.85%"
"Oct 30, 2021","6.3164","6.5597","6.7876","6.1766","1.66M","-3.77%"
"Oct 31, 2021","6.3254","6.2987","6.5475","6.0156","1.74M","0.14%"
"Nov 01, 2021","6.2356","6.3508","6.3709","6.0554","1.06M","-1.42%"
"Nov 02, 2021","6.2410","6.2383","6.3566","6.1355","731.05K","0.09%"
"Nov 03, 2021","6.3198","6.2584","6.4837","6.0563","1.31M","1.26%"
"Nov 04, 2021","6.3420","6.3218","6.4799","6.1001","916.67K","0.35%"
"Nov 05, 2021","6.4719","6.3436","6.8551","6.2331","2.11M","2.05%"
"Nov 06, 2021","6.4348","6.4558","6.8168","6.2412","1.50M","-0.57%"
"Nov 07, 2021","6.3667","6.4351","6.4590","6.2992","769.20K","-1.06%"
"Nov 08, 2021","6.4806","6.3667","6.5616","6.2880","1.11M","1.79%"
"Nov 09, 2021","6.2941","6.4985","6.6193","6.2508","1.72M","-2.88%"
"Nov 10, 2021","5.7723","6.2982","6.4700","5.3008","2.92M","-8.29%"
"Nov 11, 2021","5.8670","5.7758","6.0522","5.6993","1.66M","1.64%"
"Nov 12, 2021","5.7686","5.8557","5.9881","5.5615","1.30M","-1.68%"
"Nov 13, 2021","5.8888","5.7686","5.9905","5.6645","847.78K","2.08%"
"Nov 14, 2021","5.8269","5.8904","6.0682","5.6927","523.32K","-1.05%"
"Nov 15, 2021","5.7159","5.8230","5.9620","5.6761","784.52K","-1.90%"
"Nov 16, 2021","5.2137","5.7159","5.7160","4.9751","3.50M","-8.79%"
"Nov 17, 2021","5.2421","5.2108","5.3231","4.9813","2.52M","0.54%"
"Nov 18, 2021","4.7757","5.2464","5.2745","4.6479","2.46M","-8.90%"
"Nov 19, 2021","5.2680","4.7910","5.3179","4.6833","1.82M","10.31%"
"Nov 20, 2021","5.5213","5.2742","5.6006","5.2706","1.32M","4.81%"
"Nov 21, 2021","5.2315","5.5254","5.5597","5.2111","1.69M","-5.25%"
"Nov 22, 2021","5.0126","5.2262","5.2354","4.9052","2.75M","-4.18%"
"Nov 23, 2021","5.1105","5.0126","5.2087","4.9313","2.95M","1.95%"
"Nov 24, 2021","4.8912","5.1088","5.1695","4.7894","2.79M","-4.29%"
"Nov 25, 2021","5.0687","4.8882","5.1779","4.8283","2.44M","3.63%"
"Nov 26, 2021","4.6525","5.0739","5.2056","4.5059","4.31M","-8.21%"
"Nov 27, 2021","4.6171","4.6603","4.7740","4.5688","1.26M","-0.76%"
"Nov 28, 2021","4.6504","4.6067","4.6605","4.2628","2.15M","0.72%"
"Nov 29, 2021","5.6200","4.6443","5.7648","4.6311","5.16M","20.85%"
"Nov 30, 2021","5.4725","5.6096","5.9227","5.2368","4.43M","-2.62%"
"Dec 01, 2021","5.2185","5.4848","5.5105","5.1297","1.84M","-4.64%"
"Dec 02, 2021","5.0989","5.2376","5.3207","5.0104","1.24M","-2.29%"
"Dec 03, 2021","4.8207","5.0989","5.3608","4.6750","2.69M","-5.46%"
"Dec 04, 2021","4.1327","4.8001","4.8108","3.3334","5.09M","-14.27%"
"Dec 05, 2021","3.8681","4.1327","4.2412","3.7495","2.25M","-6.40%"
"Dec 06, 2021","4.1496","3.8710","4.1917","3.6681","2.25M","7.28%"
"Dec 07, 2021","5.6614","4.1449","5.6623","4.0630","6.55M","36.43%"
"Dec 08, 2021","5.6670","5.6598","6.0073","5.1377","6.80M","0.10%"
"Dec 09, 2021","4.8306","5.6816","6.1692","4.8212","6.93M","-14.76%"
"Dec 10, 2021","4.3460","4.8380","4.9722","4.3055","4.15M","-10.03%"
"Dec 11, 2021","4.5087","4.3363","4.6152","4.2474","2.76M","3.74%"
"Dec 12, 2021","4.5072","4.5242","4.6746","4.3176","914.55K","-0.03%"
"Dec 13, 2021","4.0539","4.5131","4.5284","3.9123","1.68M","-10.06%"
"Dec 14, 2021","4.5035","4.0455","4.5988","4.0301","3.49M","11.09%"
"Dec 15, 2021","4.4861","4.5153","4.5571","4.0568","2.71M","-0.39%"
"Dec 16, 2021","4.3069","4.4861","4.6937","4.3015","2.46M","-3.99%"
"Dec 17, 2021","4.1532","4.3069","4.3848","4.0715","1.86M","-3.57%"
"Dec 18, 2021","4.2445","4.1413","4.3355","4.0754","1.14M","2.20%"
"Dec 19, 2021","4.1341","4.2393","4.3105","4.1160","729.83K","-2.60%"
"Dec 20, 2021","4.0832","4.1375","4.2470","3.8699","1.73M","-1.23%"
"Dec 21, 2021","4.2385","4.1035","4.2548","4.0526","883.05K","3.80%"
"Dec 22, 2021","4.5202","4.2306","4.6914","4.2306","909.91K","6.65%"
"Dec 23, 2021","4.7328","4.5382","4.8107","4.4561","2.02M","4.70%"
"Dec 24, 2021","4.4789","4.7646","4.8083","4.4352","1.21M","-5.36%"
"Dec 25, 2021","4.6002","4.4917","4.7107","4.4461","587.89K","2.71%"
"Dec 26, 2021","4.8495","4.5857","4.9091","4.4588","1.07M","5.42%"
"Dec 27, 2021","5.1012","4.8665","5.1639","4.7691","1.19M","5.19%"
"Dec 28, 2021","4.4653","5.1003","5.1003","4.4320","1.08M","-12.47%"
"Dec 29, 2021","4.3799","4.4874","4.5392","4.2201","935.59K","-1.91%"
"Dec 30, 2021","4.3424","4.3794","4.5150","4.2266","827.13K","-0.86%"
"Dec 31, 2021","4.3487","4.3430","4.5118","4.1885","1.04M","0.15%"
"Jan 01, 2022","4.7424","4.3387","4.7540","4.3387","1.38M","9.05%"
"Jan 02, 2022","4.6564","4.7456","4.7857","4.5880","626.04K","-1.81%"
"Jan 03, 2022","4.8456","4.6558","4.8568","4.5175","841.91K","4.06%"